Tick,Bandicoots,Invaders,Foxes,Grass_Health_Index,Total_Bandicoots_Eaten,Trap_Deaths,Old_Age_Deaths,Hunger_Deaths
0,203,0,194,2784.85,3,7,0,0
1,211,0,185,2707.62,15,14,5,0
2,236,0,176,2699.54,17,21,12,1
3,274,0,165,2627.72,24,24,20,4
4,304,0,160,2606.15,30,30,23,4
5,354,0,150,2546.72,34,33,29,9
6,403,0,144,2499.59,41,37,34,11
7,463,0,140,2433.3,44,39,37,12
8,521,0,125,2365.31,49,50,41,16
9,570,0,116,2283.91,54,56,45,21
10,626,0,108,2220.32,65,62,51,23
11,709,0,105,2134.86,70,64,53,24
12,792,0,97,2042.55,78,67,61,25
13,876,0,99,1955.08,86,70,63,25
14,965,0,97,1833.5,92,72,65,27
15,1060,0,89,1768.89,105,76,68,31
16,1165,0,91,1658.69,118,80,69,31
17,1265,0,89,1570.11,130,85,72,34
18,1365,0,84,1457.23,145,92,76,34
19,1516,0,76,1337.45,158,94,86,36
20,1635,0,73,1238.24,171,99,91,38
21,1755,0,78,1132.39,180,110,94,38
22,1879,0,79,1024.3,197,115,95,38
23,2027,0,79,913.24,211,125,98,39
24,2166,0,82,809.09,223,134,101,39
25,2282,0,82,719.29,242,143,105,39
26,2409,0,86,636.2,256,149,108,42
27,2560,0,89,568.13,268,160,111,43
28,2699,0,86,491.77,286,170,114,44
29,2837,0,93,439.05,312,181,116,48
30,2956,0,98,399.02,339,195,117,52
31,3069,0,105,340.3,366,210,121,56
32,3207,0,108,302.42,395,219,123,61
33,3339,0,120,260.79,432,228,124,69
34,3449,0,130,238.98,469,242,126,74
35,3559,0,137,219.28,513,261,126,77
36,3654,0,158,200.95,549,273,127,84
37,3723,0,165,190.38,602,285,129,96
38,3791,0,170,174.95,663,291,130,106
39,3822,0,183,171.57,722,302,133,119
40,3866,0,193,171.62,775,321,137,144
41,3886,0,204,171.24,831,331,140,161
42,3901,0,218,179.38,895,348,142,177
43,3931,0,237,175.33,960,354,143,190
44,3942,0,255,173.81,1029,370,146,211
45,3929,0,274,171.14,1098,384,146,244
46,3929,0,303,181.67,1169,395,148,275
47,3887,0,332,181.76,1249,416,152,304
48,3838,0,356,180.38,1351,435,154,335
49,3779,0,382,184.05,1452,452,157,370
50,3731,0,410,189.52,1549,472,158,408
51,3658,0,430,198.24,1667,491,158,457
52,3596,0,467,201.67,1791,501,160,491
53,3517,0,492,191.62,1911,523,161,523
54,3462,0,522,195,2018,545,161,559
55,3371,0,561,210.24,2147,561,162,596
56,3306,0,592,224.71,2275,584,162,635
57,3228,0,629,239.1,2394,612,162,668
58,3121,0,672,246.1,2548,630,164,706
59,2987,0,718,241.1,2736,655,166,737
60,2875,0,779,267.24,2881,675,167,767
61,2776,0,821,279.1,3043,703,167,800
62,2654,0,888,303.38,3213,727,168,837
63,2523,0,955,314.43,3385,742,171,860
64,2397,0,1009,321.52,3539,763,171,892
65,2295,0,1064,334.52,3703,794,172,917
66,2180,0,1107,358.95,3882,823,174,941
67,2052,0,1169,379.05,4063,850,174,959
68,1940,0,1215,398.48,4221,886,175,975
69,1817,0,1256,416.52,4389,924,176,985
70,1694,0,1314,456.9,4552,951,178,1009
71,1588,0,1358,488.76,4718,986,179,1017
72,1483,0,1407,537.76,4874,1013,182,1025
73,1404,0,1478,576.48,5013,1045,184,1032
74,1297,0,1525,628.1,5166,1083,185,1042
75,1206,0,1557,664.33,5297,1124,187,1051
76,1112,0,1621,702.52,5431,1166,188,1064
77,1025,0,1657,753.71,5562,1199,190,1075
78,955,0,1712,803.19,5670,1244,192,1080
79,843,0,1748,836,5819,1276,195,1084
80,764,0,1802,885.19,5929,1305,200,1085
81,688,0,1834,951.62,6039,1345,200,1091
82,627,0,1858,1000.24,6140,1382,204,1098
83,563,0,1886,1055.1,6247,1419,207,1103
84,504,0,1925,1111.62,6331,1454,210,1108
85,452,0,1938,1169.19,6420,1509,218,1112
86,407,0,1939,1220.52,6492,1559,221,1115
87,364,0,1917,1273.33,6556,1615,223,1120
88,351,0,1923,1347.43,6599,1647,233,1124
89,322,0,1914,1396.14,6649,1690,241,1131
90,291,0,1911,1457.76,6699,1734,247,1136
91,253,0,1887,1525.57,6752,1776,248,1148
92,234,0,1846,1578.67,6790,1815,255,1163
93,218,0,1807,1631.67,6832,1854,267,1175
94,190,0,1785,1687.19,6875,1891,275,1181
95,185,0,1720,1746.62,6906,1943,283,1199
96,171,0,1685,1803.43,6943,1979,300,1213
97,154,0,1660,1858.48,6967,2012,316,1227
98,154,0,1626,1918.86,6989,2048,330,1241
99,145,0,1576,1972.29,7010,2080,347,1256
100,142,0,1522,2021.38,7033,2105,358,1282
101,141,0,1469,2069.86,7053,2137,368,1304
102,137,0,1403,2121.29,7074,2182,381,1324
103,127,0,1335,2159.33,7096,2223,395,1348
104,114,0,1273,2192.14,7117,2255,408,1373
105,103,0,1236,2232.67,7133,2282,417,1384
106,91,0,1169,2268.38,7151,2306,435,1414
107,92,0,1116,2305.71,7162,2329,447,1443
108,93,0,1045,2340.14,7173,2360,467,1470
109,86,0,979,2381.05,7186,2391,486,1492
110,84,0,919,2416.67,7198,2413,505,1516
111,86,0,873,2451.71,7208,2427,519,1543
112,80,0,827,2478.57,7219,2451,531,1562
113,77,0,775,2501.76,7233,2468,548,1583
114,77,0,724,2534.19,7240,2484,565,1610
115,74,0,672,2562.57,7253,2500,571,1643
116,76,0,625,2589.33,7269,2510,588,1665
117,74,0,578,2610.48,7277,2522,609,1684
118,80,0,536,2639.19,7280,2535,620,1704
119,84,0,507,2659.76,7285,2542,632,1720
120,89,0,471,2674.57,7289,2553,645,1734
121,84,0,439,2694.05,7296,2562,660,1745
122,86,0,404,2712.1,7301,2571,682,1753
123,86,0,379,2721.9,7305,2577,693,1762
124,89,0,346,2737,7309,2590,707,1769
125,99,0,326,2747.86,7310,2597,720,1771
126,121,0,298,2757.38,7313,2603,730,1784
127,120,0,258,2764.14,7318,2614,748,1798
128,133,0,238,2772.76,7322,2622,757,1804
129,154,0,212,2782.14,7326,2631,770,1809
130,166,0,197,2789.67,7329,2636,781,1814
131,187,0,180,2785.1,7330,2639,789,1820
132,200,0,165,2792,7331,2643,798,1822
133,220,0,152,2782.19,7333,2647,805,1824
134,228,0,134,2782.29,7338,2654,815,1826
135,255,0,123,2763.86,7339,2657,821,1829
136,281,0,117,2750.38,7341,2664,822,1830
137,310,0,104,2740.76,7342,2668,829,1834
138,326,0,95,2703.43,7350,2671,835,1839
139,368,0,86,2677.81,7354,2671,843,1840
140,410,0,75,2668.9,7360,2679,845,1843
141,442,0,70,2654.86,7364,2680,846,1846
142,480,0,63,2612.76,7370,2682,849,1851
143,502,0,59,2586.86,7371,2684,851,1853
144,540,0,57,2561.1,7375,2688,853,1853
145,581,0,48,2531.95,7380,2692,858,1855
146,634,0,42,2501.19,7387,2695,863,1856
147,665,0,38,2467.29,7392,2696,866,1856
148,720,0,40,2425.14,7394,2701,866,1857
149,756,0,42,2392.05,7403,2703,867,1857
150,807,0,45,2360.1,7412,2709,868,1857
151,850,0,49,2311.52,7419,2712,868,1857
152,909,0,51,2265.86,7427,2716,868,1861
153,962,0,52,2232.1,7435,2719,869,1863
154,1004,0,55,2195.19,7441,2723,870,1865
155,1037,0,54,2158.29,7450,2728,871,1868
156,1093,0,51,2130.86,7459,2734,873,1870
157,1159,0,52,2092.57,7468,2739,873,1872
158,1218,0,49,2067.33,7474,2747,874,1872
159,1255,0,49,2029.24,7487,2753,875,1875
160,1306,0,54,2002.67,7504,2756,876,1878
161,1361,0,58,1968.33,7519,2758,876,1880
162,1421,0,61,1930.48,7535,2765,876,1881
163,1485,0,64,1899.71,7549,2771,876,1886
164,1559,0,70,1857.24,7562,2780,877,1891
165,1601,0,81,1830.29,7580,2785,877,1895
166,1630,0,83,1803.33,7601,2793,877,1901
167,1670,0,92,1767.14,7622,2802,877,1905
168,1704,0,96,1731.38,7655,2809,878,1909
169,1748,0,100,1695.1,7687,2816,878,1914
170,1781,0,101,1670.33,7718,2824,878,1923
171,1822,0,106,1638.86,7740,2829,878,1930
172,1869,0,115,1615.14,7764,2833,878,1934
173,1912,0,125,1588.43,7788,2841,878,1946
174,1930,0,132,1542.71,7821,2849,878,1955
175,1953,0,138,1502.71,7862,2851,878,1970
176,1989,0,150,1469.67,7893,2859,878,1982
177,2020,0,160,1437.48,7934,2866,879,1995
178,2063,0,167,1392.52,7970,2884,879,2011
179,2075,0,181,1358.9,8007,2895,881,2025
180,2112,0,192,1319.19,8037,2907,881,2045
181,2152,0,204,1281.33,8070,2914,881,2061
182,2172,0,210,1250,8113,2931,881,2072
183,2203,0,226,1212.19,8154,2940,881,2084
184,2226,0,245,1198.86,8202,2952,881,2098
185,2254,0,254,1158.33,8250,2965,881,2116
186,2308,0,267,1114.14,8301,2978,881,2128
187,2352,0,283,1081.76,8348,2994,883,2146
188,2376,0,289,1055.62,8403,3005,883,2159
189,2387,0,293,1031.14,8458,3017,883,2172
190,2423,0,309,990.38,8510,3030,883,2183
191,2422,0,326,969,8577,3039,884,2203
192,2435,0,336,935.57,8628,3055,884,2223
193,2455,0,358,917.81,8687,3069,885,2233
194,2487,0,393,886.76,8737,3083,885,2246
195,2532,0,413,860.43,8796,3097,886,2259
196,2502,0,444,840.81,8874,3112,886,2284
197,2500,0,464,829.33,8943,3128,889,2299
198,2499,0,471,800,8997,3142,890,2317
199,2509,0,493,780.48,9064,3156,892,2330
200,2514,0,522,757.76,9123,3172,893,2352
201,2534,0,531,735.95,9189,3190,894,2371
202,2543,0,556,718.95,9258,3211,895,2390
203,2533,0,578,699.14,9329,3232,896,2408
204,2517,0,593,691.48,9414,3252,898,2435
205,2513,0,610,666.71,9492,3266,898,2455
206,2500,0,623,669.57,9565,3283,899,2470
207,2513,0,638,671.81,9644,3305,899,2481
208,2525,0,662,657.52,9714,3322,901,2505
209,2530,0,679,656.29,9789,3345,904,2524
210,2506,0,696,647.9,9877,3361,906,2540
211,2487,0,712,652.05,9960,3377,911,2564
212,2472,0,742,653.67,10026,3391,912,2592
213,2454,0,766,634.24,10109,3408,914,2608
214,2435,0,777,652.33,10200,3430,918,2625
215,2449,0,796,649.76,10277,3451,921,2647
216,2422,0,825,650.9,10367,3473,922,2660
217,2393,0,834,660.71,10451,3495,923,2679
218,2339,0,872,677.62,10537,3511,925,2705
219,2307,0,887,689.14,10623,3539,928,2731
220,2276,0,891,681.95,10708,3578,929,2757
221,2260,0,901,696.05,10802,3604,932,2775
222,2187,0,920,716.62,10914,3629,937,2792
223,2153,0,944,729.48,11010,3646,939,2813
224,2139,0,952,738,11093,3676,941,2830
225,2086,0,965,757.19,11181,3704,944,2854
226,2048,0,973,788.9,11261,3736,952,2877
227,2038,0,973,801.86,11329,3771,959,2892
228,2016,0,994,808.62,11419,3792,964,2903
229,1972,0,1012,835.57,11506,3817,967,2932
230,1933,0,1010,825.57,11591,3852,970,2949
231,1876,0,1034,856.33,11690,3879,973,2969
232,1833,0,1047,877.71,11774,3902,981,2996
233,1782,0,1033,903.05,11855,3929,988,3019
234,1736,0,1054,930.29,11933,3950,989,3042
235,1697,0,1062,946.67,12013,3982,996,3059
236,1656,0,1064,970.76,12083,4005,1004,3079
237,1603,0,1069,995.43,12175,4040,1007,3096
238,1561,0,1071,1037.33,12255,4077,1010,3107
239,1506,0,1079,1060.9,12343,4109,1014,3128
240,1473,0,1089,1085.71,12416,4136,1019,3152
241,1427,0,1100,1113.1,12500,4160,1023,3169
242,1396,0,1106,1148.29,12562,4189,1030,3190
243,1360,0,1113,1192,12635,4206,1041,3213
244,1301,0,1114,1206.9,12727,4229,1048,3227
245,1226,0,1117,1224.14,12819,4250,1062,3251
246,1153,0,1104,1266.81,12909,4286,1069,3279
247,1131,0,1112,1287.76,12977,4300,1074,3289
248,1099,0,1118,1323.67,13034,4330,1082,3307
249,1050,0,1097,1351.57,13115,4369,1090,3327
250,994,0,1091,1376.62,13190,4407,1098,3341
251,948,0,1098,1396.38,13267,4434,1106,3353
252,900,0,1100,1421.05,13360,4460,1114,3364
253,844,0,1102,1460.95,13443,4479,1124,3382
254,821,0,1081,1480.52,13506,4503,1132,3399
255,775,0,1073,1511.38,13566,4532,1139,3414
256,744,0,1063,1552.43,13636,4555,1148,3428
257,736,0,1055,1572.95,13682,4586,1158,3441
258,713,0,1052,1595.9,13735,4608,1169,3454
259,688,0,1050,1638.19,13790,4634,1174,3465
260,664,0,1037,1660.29,13839,4661,1180,3472
261,651,0,1034,1675.19,13889,4681,1196,3487
262,636,0,1020,1700.29,13933,4719,1205,3498
263,616,0,1019,1717.1,13991,4742,1210,3503
264,591,0,1006,1731.1,14053,4760,1214,3518
265,576,0,1004,1743.33,14101,4781,1222,3525
266,559,0,985,1762,14143,4799,1233,3533
267,559,0,969,1767.1,14190,4818,1242,3542
268,550,0,968,1776.62,14241,4835,1250,3552
269,546,0,956,1797.33,14288,4856,1258,3561
270,538,0,937,1799.48,14344,4876,1264,3575
271,530,0,912,1808.71,14394,4903,1275,3590
272,532,0,887,1817.86,14440,4922,1289,3603
273,517,0,880,1827.43,14488,4940,1301,3609
274,511,0,854,1825.48,14533,4965,1313,3617
275,514,0,835,1833.81,14573,4989,1320,3630
276,539,0,831,1838,14612,5008,1331,3635
277,549,0,818,1834.43,14654,5026,1339,3642
278,570,0,799,1832.05,14693,5041,1353,3651
279,577,0,782,1826.71,14722,5062,1362,3657
280,601,0,761,1826.67,14751,5075,1375,3662
281,633,0,758,1820.48,14774,5090,1384,3667
282,652,0,750,1802.05,14801,5099,1389,3675
283,672,0,739,1800.52,14834,5114,1395,3687
284,670,0,738,1792.33,14867,5130,1402,3689
285,720,0,728,1777.19,14895,5143,1416,3699
286,746,0,714,1757.95,14926,5161,1423,3706
287,774,0,699,1739.43,14958,5173,1429,3714
288,793,0,683,1719.76,14996,5189,1439,3720
289,815,0,672,1712.71,15039,5208,1449,3727
290,827,0,659,1710.43,15083,5222,1458,3732
291,854,0,640,1707.19,15115,5234,1468,3744
292,880,0,627,1706.62,15159,5248,1479,3754
293,894,0,612,1684.76,15197,5261,1486,3764
294,930,0,598,1672.81,15225,5279,1489,3770
295,955,0,567,1672.52,15255,5300,1504,3776
296,969,0,548,1647.76,15295,5318,1514,3784
297,976,0,537,1642.52,15336,5332,1529,3788
298,991,0,528,1599.29,15372,5340,1539,3796
299,1032,0,523,1589.76,15402,5349,1552,3802
300,1071,0,527,1570.19,15439,5364,1559,3808
301,1116,0,519,1548,15471,5377,1569,3817
302,1128,0,513,1534.95,15516,5391,1578,3822
303,1162,0,506,1524.81,15556,5411,1584,3834
304,1201,0,517,1498.81,15594,5419,1588,3837
305,1231,0,506,1491.67,15637,5434,1594,3845
306,1251,0,485,1454.62,15687,5449,1603,3857
307,1293,0,482,1442.52,15720,5460,1611,3871
308,1335,0,482,1403.9,15777,5475,1616,3881
309,1370,0,493,1377.43,15823,5487,1620,3892
310,1401,0,482,1345.57,15873,5506,1632,3898
311,1440,0,479,1328.71,15919,5523,1641,3905
312,1444,0,475,1301.52,15981,5541,1647,3910
313,1433,0,483,1272.43,16052,5547,1655,3921
314,1433,0,500,1250.67,16115,5557,1662,3926
315,1457,0,514,1229.48,16178,5568,1666,3935
316,1466,0,511,1204.29,16249,5585,1671,3942
317,1478,0,515,1178.1,16321,5600,1678,3947
318,1466,0,522,1162.57,16392,5612,1683,3956
319,1470,0,523,1152.43,16464,5630,1691,3961
320,1509,0,529,1146.33,16523,5646,1696,3965
321,1533,0,548,1109.9,16585,5665,1701,3973
322,1542,0,544,1093.24,16657,5688,1705,3982
323,1542,0,546,1082.24,16726,5707,1712,3991
324,1529,0,560,1073.14,16810,5725,1714,3996
325,1517,0,567,1051.67,16884,5740,1718,4004
326,1508,0,583,1016.81,16964,5760,1720,4009
327,1492,0,592,991.33,17039,5778,1723,4017
328,1523,0,611,972.38,17112,5791,1727,4025
329,1536,0,638,946.24,17187,5806,1727,4031
330,1535,0,656,929.43,17259,5831,1730,4040
331,1536,0,653,913,17341,5855,1734,4046
332,1549,0,680,894,17430,5870,1741,4049
333,1552,0,691,876.1,17512,5890,1747,4057
334,1557,0,706,862.33,17592,5912,1751,4064
335,1560,0,723,835.52,17679,5928,1754,4070
336,1558,0,743,831.05,17774,5949,1756,4075
337,1535,0,753,816.52,17866,5973,1761,4081
338,1556,0,766,799.81,17944,5995,1765,4085
339,1530,0,772,798.48,18032,6015,1767,4091
340,1513,0,797,780.05,18132,6036,1771,4099
341,1517,0,817,779.29,18225,6054,1774,4104
342,1524,0,842,778.38,18314,6070,1778,4107
343,1524,0,880,777.81,18411,6089,1780,4112
344,1485,0,904,776.05,18513,6118,1781,4117
345,1471,0,924,784.05,18604,6143,1782,4122
346,1446,0,953,779.19,18703,6167,1788,4126
347,1410,0,976,783.57,18795,6194,1791,4133
348,1377,0,976,777.38,18901,6225,1798,4139
349,1341,0,985,791.1,19013,6254,1802,4144
350,1294,0,1003,796.1,19116,6280,1806,4155
351,1269,0,1007,814.14,19223,6321,1811,4158
352,1243,0,1024,834.1,19315,6346,1817,4162
353,1225,0,1031,838.24,19410,6370,1824,4163
354,1193,0,1037,866.62,19503,6405,1826,4166
355,1155,0,1046,892.62,19602,6435,1828,4175
356,1123,0,1053,899.33,19694,6463,1837,4181
357,1102,0,1065,926.38,19779,6495,1842,4184
358,1064,0,1076,943.57,19877,6516,1849,4192
359,1051,0,1080,970.24,19960,6546,1853,4196
360,1028,0,1098,973.43,20055,6574,1857,4203
361,994,0,1111,994.14,20157,6612,1862,4205
362,979,0,1112,1016.48,20243,6644,1868,4214
363,942,0,1107,1037.62,20325,6672,1878,4219
364,911,0,1122,1048.9,20417,6697,1887,4229
365,882,0,1126,1077.43,20510,6728,1891,4234
366,835,0,1141,1095.19,20597,6754,1900,4235
367,784,0,1149,1115.19,20700,6778,1905,4242
368,732,0,1147,1146.86,20787,6813,1914,4248
369,683,0,1162,1163.29,20880,6835,1920,4252
370,635,0,1168,1206.76,20984,6852,1933,4260
371,622,0,1167,1230.57,21055,6877,1939,4263
372,572,0,1181,1262.57,21131,6913,1944,4266
373,538,0,1175,1299.86,21205,6945,1955,4275
374,513,0,1178,1324.29,21272,6972,1960,4281
375,488,0,1193,1352.57,21328,7001,1964,4289
376,457,0,1188,1392.86,21391,7035,1969,4294
377,436,0,1171,1419.24,21455,7069,1977,4300
378,415,0,1160,1470.38,21516,7104,1989,4303
379,386,0,1150,1502.38,21568,7132,2001,4305
380,370,0,1139,1551.62,21609,7153,2011,4310
381,367,0,1126,1591.05,21648,7176,2020,4316
382,369,0,1119,1625.57,21676,7198,2028,4322
383,383,0,1108,1653.71,21706,7222,2034,4326
384,400,0,1098,1664.52,21735,7244,2037,4330
385,391,0,1067,1704,21776,7273,2049,4341
386,392,0,1060,1725.33,21808,7290,2055,4346
387,396,0,1040,1741.67,21841,7308,2066,4355
388,423,0,1016,1767.33,21861,7330,2076,4362
389,448,0,990,1793.67,21883,7349,2088,4373
390,448,0,977,1796.71,21925,7360,2098,4381
391,448,0,965,1814.48,21962,7381,2105,4387
392,458,0,935,1822.57,21990,7405,2123,4392
393,472,0,902,1833.57,22013,7425,2137,4399
394,495,0,879,1845.62,22039,7447,2150,4404
395,485,0,844,1848.52,22074,7471,2164,4414
396,496,0,816,1845.71,22107,7492,2181,4424
397,506,0,789,1853.57,22141,7512,2191,4432
398,539,0,751,1846.43,22174,7538,2203,4443
399,561,0,721,1831.86,22199,7555,2216,4451
400,571,0,699,1837.62,22226,7577,2224,4463
401,595,0,685,1823.43,22255,7586,2233,4467
402,614,0,661,1819.19,22284,7596,2243,4481
403,623,0,642,1829.57,22321,7612,2255,4489
404,638,0,620,1817.67,22343,7628,2266,4496
405,681,0,601,1805.9,22377,7641,2276,4505
406,703,0,589,1812.14,22409,7652,2282,4514
407,739,0,562,1801.33,22453,7674,2293,4522
408,754,0,537,1765.24,22490,7689,2302,4537
409,764,0,531,1753.33,22527,7701,2316,4542
410,786,0,519,1724,22568,7710,2328,4551
411,820,0,494,1706.38,22598,7731,2339,4558
412,838,0,480,1697.52,22641,7743,2345,4569
413,865,0,456,1673.71,22670,7764,2363,4576
414,892,0,439,1638.29,22709,7774,2376,4583
415,915,0,425,1621.38,22752,7789,2386,4592
416,942,0,416,1590.62,22800,7807,2396,4600
417,972,0,409,1583.24,22841,7818,2406,4603
418,1008,0,404,1552.95,22870,7830,2413,4607
419,1044,0,399,1535.86,22903,7849,2422,4613
420,1093,0,415,1522.76,22936,7858,2426,4618
421,1126,0,399,1487.86,22990,7871,2438,4622
422,1150,0,393,1458.57,23047,7884,2444,4627
423,1180,0,386,1433.33,23098,7902,2453,4629
424,1218,0,386,1396.24,23146,7913,2462,4632
425,1225,0,391,1389.67,23208,7931,2468,4635
426,1254,0,386,1343.48,23262,7945,2474,4638
427,1270,0,393,1308.67,23316,7955,2479,4640
428,1299,0,404,1280.38,23370,7974,2480,4642
429,1337,0,406,1251.86,23413,7989,2486,4644
430,1366,0,413,1224.67,23469,8000,2491,4645
431,1410,0,412,1197.1,23518,8017,2494,4648
432,1452,0,425,1153.81,23569,8026,2500,4650
433,1485,0,439,1139.19,23636,8041,2500,4653
434,1513,0,443,1131.57,23689,8058,2502,4657
435,1564,0,458,1095.71,23748,8075,2507,4659
436,1600,0,469,1077.43,23815,8089,2511,4663
437,1601,0,486,1055.43,23885,8108,2513,4666
438,1616,0,500,1037.71,23949,8127,2515,4672
439,1622,0,526,1014.48,24032,8144,2519,4678
440,1648,0,530,1013.9,24089,8157,2526,4680
441,1636,0,543,1000.76,24165,8176,2529,4682
442,1630,0,559,971.71,24251,8196,2530,4687
443,1635,0,577,949.1,24327,8213,2534,4696
444,1642,0,590,943.24,24401,8233,2538,4701
445,1643,0,598,923.81,24479,8258,2540,4708
446,1661,0,627,909.05,24555,8273,2545,4711
447,1655,0,644,911.86,24652,8303,2548,4718
448,1660,0,653,901.19,24737,8324,2549,4722
449,1655,0,659,876.38,24832,8348,2554,4725
450,1637,0,684,872.62,24924,8362,2558,4730
451,1643,0,709,878.19,25004,8390,2560,4733
452,1645,0,728,880.29,25087,8410,2563,4737
453,1638,0,755,867.81,25168,8424,2566,4746
454,1610,0,766,870.14,25256,8446,2572,4757
455,1590,0,778,854.95,25343,8478,2574,4765
456,1572,0,791,857,25437,8499,2580,4778
457,1550,0,808,845.14,25533,8519,2583,4790
458,1531,0,821,828.52,25620,8547,2590,4795
459,1547,0,830,811.57,25706,8569,2592,4800
460,1546,0,845,812.67,25792,8587,2593,4806
461,1520,0,851,812.24,25894,8619,2598,4811
462,1504,0,872,823.1,25970,8640,2599,4821
463,1482,0,881,823.52,26063,8662,2601,4829
464,1478,0,884,817.29,26146,8690,2605,4835
465,1450,0,915,826.43,26221,8714,2610,4841
466,1415,0,937,828.33,26316,8745,2613,4846
467,1396,0,960,832.9,26401,8769,2615,4856
468,1386,0,968,836.38,26490,8788,2623,4864
469,1372,0,985,847.19,26582,8811,2627,4870
470,1370,0,992,855.1,26657,8835,2629,4875
471,1352,0,1000,876.67,26730,8865,2634,4883
472,1335,0,1008,871.05,26822,8893,2635,4892
473,1296,0,1027,893.71,26930,8910,2644,4896
474,1294,0,1045,897.71,27012,8939,2648,4903
475,1258,0,1048,910.19,27114,8965,2651,4913
476,1233,0,1054,930.48,27224,8990,2655,4924
477,1209,0,1066,935.1,27313,9017,2664,4936
478,1160,0,1073,970.95,27419,9041,2669,4938
479,1129,0,1074,985.57,27517,9070,2678,4945
480,1108,0,1084,997.57,27611,9092,2684,4949
481,1073,0,1113,1015.62,27709,9117,2686,4954
482,1029,0,1138,1030.14,27817,9144,2689,4960
483,995,0,1134,1058.43,27904,9173,2695,4969
484,953,0,1151,1060.29,28004,9198,2699,4974
485,936,0,1163,1084.24,28090,9222,2708,4979
486,880,0,1168,1096.62,28185,9249,2714,4986
487,839,0,1159,1114.76,28289,9286,2721,4994
488,819,0,1163,1139.52,28386,9320,2733,4999
489,799,0,1169,1155.38,28465,9348,2741,5003
490,755,0,1156,1189.48,28540,9388,2748,5012
491,713,0,1164,1204.14,28616,9409,2754,5019
492,684,0,1156,1225.38,28686,9434,2766,5028
493,623,0,1161,1251.95,28790,9459,2771,5034
494,567,0,1166,1278.43,28865,9487,2778,5040
495,545,0,1166,1316.48,28927,9510,2789,5051
496,530,0,1167,1353,28977,9528,2804,5056
497,509,0,1171,1380,29041,9550,2816,5062
498,502,0,1169,1398.24,29094,9567,2823,5072
499,467,0,1149,1436.38,29154,9595,2838,5082
500,458,0,1139,1461.76,29211,9626,2848,5085
501,463,0,1133,1496.57,29253,9656,2857,5097
502,464,0,1120,1524.05,29300,9688,2869,5104
503,469,0,1103,1547.9,29343,9722,2875,5113
504,471,0,1089,1567.76,29387,9741,2887,5115
505,465,0,1067,1593.71,29421,9765,2896,5121
506,464,0,1057,1621.67,29462,9790,2904,5124
507,464,0,1033,1646.62,29511,9819,2910,5134
508,480,0,1014,1668.86,29547,9843,2921,5138
509,491,0,992,1695.29,29581,9864,2927,5147
510,524,0,961,1695.76,29609,9891,2936,5151
511,545,0,942,1702.1,29640,9907,2945,5163
512,547,0,915,1716.71,29677,9934,2952,5170
513,542,0,908,1733.95,29718,9953,2959,5176
514,543,0,884,1739.9,29754,9973,2976,5185
515,544,0,854,1753.14,29801,9993,2994,5193
516,559,0,830,1756.52,29827,10004,3007,5201
517,576,0,798,1762.62,29868,10030,3015,5211
518,569,0,774,1762.57,29909,10050,3028,5227
519,567,0,756,1757.24,29955,10066,3035,5239
520,569,0,741,1767.86,29995,10080,3045,5245
521,584,0,721,1765.76,30037,10098,3054,5257
522,614,0,703,1757.1,30064,10114,3062,5268
523,646,0,677,1739.81,30095,10127,3076,5279
524,675,0,656,1732.19,30125,10146,3088,5290
525,725,0,628,1722.81,30149,10161,3100,5306
526,744,0,616,1713.71,30187,10175,3110,5314
527,768,0,593,1697.57,30223,10192,3121,5326
528,788,0,568,1694.86,30260,10206,3132,5334
529,794,0,550,1672.76,30302,10216,3142,5341
530,805,0,539,1668.95,30346,10227,3158,5346
531,812,0,527,1663.48,30390,10239,3169,5356
532,838,0,512,1653.05,30427,10258,3179,5364
533,861,0,501,1646.38,30473,10268,3194,5374
534,876,0,496,1626.29,30518,10277,3202,5378
535,899,0,497,1627.71,30564,10296,3211,5383
536,899,0,484,1598.29,30611,10313,3218,5389
537,926,0,466,1595.38,30658,10332,3229,5395
538,951,0,453,1594.86,30702,10343,3239,5401
539,966,0,460,1572.52,30759,10355,3246,5405
540,991,0,465,1549.95,30804,10367,3251,5409
541,996,0,457,1528.38,30861,10380,3261,5416
542,1005,0,460,1527.67,30908,10396,3265,5419
543,1013,0,465,1510.29,30967,10409,3273,5423
544,1031,0,464,1486.95,31019,10426,3279,5425
545,1033,0,475,1465.9,31082,10433,3288,5427
546,1046,0,474,1463.76,31143,10444,3296,5429
547,1052,0,479,1436.14,31210,10456,3301,5434
548,1067,0,482,1417.1,31271,10470,3305,5441
549,1076,0,489,1404.71,31335,10488,3311,5441
550,1100,0,487,1391.81,31393,10506,3317,5443
551,1122,0,495,1376.24,31449,10522,3323,5446
552,1127,0,504,1344.38,31519,10533,3327,5448
553,1121,0,517,1336.62,31586,10544,3331,5453
554,1134,0,526,1332,31651,10562,3334,5454
555,1158,0,539,1312.48,31705,10581,3338,5457
556,1167,0,547,1289.9,31768,10595,3342,5461
557,1197,0,551,1273.71,31830,10617,3344,5464
558,1206,0,556,1250.19,31890,10635,3347,5469
559,1229,0,570,1240.95,31958,10648,3349,5469
560,1262,0,581,1211.33,32018,10664,3354,5472
561,1274,0,588,1195,32074,10683,3359,5477
562,1284,0,601,1177.14,32141,10702,3364,5479
563,1291,0,617,1142.19,32210,10719,3369,5485
564,1290,0,637,1126.33,32280,10742,3373,5486
565,1280,0,644,1104.9,32348,10762,3374,5490
566,1304,0,664,1086.67,32419,10777,3379,5493
567,1307,0,679,1069.1,32499,10787,3384,5494
568,1302,0,691,1051.33,32575,10809,3387,5497
569,1332,0,707,1034.48,32652,10830,3389,5498
570,1337,0,714,1018.57,32723,10853,3391,5499
571,1328,0,730,1000.86,32809,10868,3394,5502
572,1333,0,750,988.48,32887,10890,3395,5507
573,1326,0,772,979.38,32964,10903,3402,5509
574,1332,0,782,984.14,33041,10931,3405,5512
575,1348,0,782,979.33,33118,10958,3409,5526
576,1352,0,786,961.62,33192,10982,3414,5531
577,1364,0,812,950.24,33272,10997,3416,5533
578,1365,0,823,934.95,33367,11021,3418,5542
579,1341,0,830,933.05,33452,11048,3421,5550
580,1333,0,835,933.24,33534,11072,3428,5550
581,1291,0,855,923.33,33634,11090,3432,5553
582,1260,0,855,916.05,33722,11121,3437,5557
583,1267,0,877,911.43,33800,11149,3439,5558
584,1248,0,897,905.81,33878,11173,3443,5570
585,1246,0,914,911.62,33960,11192,3444,5574
586,1221,0,920,917.14,34053,11217,3449,5585
587,1197,0,923,905.57,34145,11244,3451,5590
588,1194,0,926,913.14,34234,11274,3458,5592
589,1181,0,952,909.95,34322,11296,3462,5599
590,1147,0,944,908.14,34412,11327,3467,5604
591,1095,0,952,930.43,34510,11357,3471,5609
592,1078,0,953,939.29,34599,11385,3478,5615
593,1060,0,969,954.67,34681,11407,3482,5622
594,1034,0,983,962.86,34773,11424,3486,5628
595,1011,0,982,974.1,34860,11453,3493,5636
596,990,0,1003,994.57,34939,11480,3498,5641
597,968,0,1018,1011.52,35033,11506,3502,5644
598,957,0,1032,1030.81,35117,11534,3508,5648
599,932,0,1040,1046.43,35207,11562,3515,5655
600,888,0,1048,1061.67,35293,11591,3523,5661
601,854,0,1062,1088.24,35383,11617,3525,5665
602,851,0,1064,1108.67,35459,11635,3534,5666
603,843,0,1070,1123.43,35529,11660,3539,5671
604,817,0,1084,1143.57,35625,11677,3548,5672
605,787,0,1082,1141.57,35708,11706,3552,5677
606,776,0,1074,1152.76,35782,11740,3559,5681
607,738,0,1080,1171.38,35869,11761,3565,5684
608,714,0,1080,1187.57,35947,11789,3572,5689
609,693,0,1073,1212.38,36014,11828,3581,5699
610,702,0,1084,1236.48,36077,11853,3584,5700
611,684,0,1076,1263.81,36149,11878,3590,5708
612,663,0,1066,1292.62,36225,11900,3602,5710
613,649,0,1057,1304.57,36292,11928,3609,5712
614,645,0,1050,1318.19,36356,11955,3615,5716
615,625,0,1036,1335.57,36417,11982,3627,5722
616,607,0,1040,1355.71,36477,12003,3636,5728
617,569,0,1022,1366.71,36558,12028,3649,5734
618,567,0,1021,1383.19,36618,12052,3660,5741
619,576,0,1011,1393.52,36665,12082,3666,5746
620,572,0,1003,1409.57,36718,12106,3676,5750
621,570,0,994,1419.71,36774,12122,3681,5758
622,567,0,995,1442.86,36822,12140,3689,5762
623,560,0,989,1452.48,36879,12157,3701,5765
624,580,0,982,1458.1,36923,12183,3706,5768
625,584,0,968,1472.05,36969,12207,3715,5771
626,569,0,939,1478.71,37027,12238,3723,5783
627,583,0,927,1500.62,37071,12259,3734,5789
628,599,0,911,1519.95,37120,12282,3742,5799
629,604,0,904,1513.48,37164,12295,3750,5806
630,620,0,882,1524.62,37201,12316,3761,5818
631,639,0,873,1534.19,37236,12336,3770,5825
632,654,0,867,1548.81,37279,12349,3785,5827
633,646,0,855,1555.86,37327,12367,3801,5832
634,660,0,834,1568.95,37371,12385,3812,5840
635,682,0,811,1564.24,37415,12405,3820,5846
636,698,0,795,1554.48,37463,12421,3829,5848
637,705,0,779,1554.19,37515,12441,3835,5854
638,723,0,753,1555.29,37556,12456,3846,5867
639,731,0,750,1552.67,37605,12474,3854,5874
640,752,0,736,1546.86,37644,12499,3858,5882
641,777,0,714,1543.9,37680,12522,3864,5891
642,804,0,702,1558,37714,12535,3875,5898
643,842,0,698,1544.95,37750,12546,3883,5904
644,840,0,679,1532.62,37799,12564,3893,5910
645,871,0,659,1536.86,37841,12584,3909,5914
646,886,0,639,1527.19,37887,12606,3919,5926
647,927,0,623,1506.52,37924,12621,3933,5938
648,924,0,600,1497.95,37979,12641,3944,5944
649,934,0,585,1488.71,38023,12663,3955,5953
650,961,0,577,1477.71,38071,12676,3966,5961
651,983,0,582,1462.52,38126,12686,3970,5964
652,985,0,564,1454.05,38178,12705,3983,5974
653,1007,0,556,1441.81,38233,12726,3989,5980
654,1004,0,549,1427.67,38288,12743,3999,5986
655,1007,0,544,1418.29,38349,12758,4011,5995
656,1012,0,538,1415.95,38399,12773,4019,5998
657,1016,0,536,1397.38,38470,12783,4027,6006
658,1028,0,544,1377.57,38530,12796,4035,6008
659,1059,0,550,1365.86,38587,12809,4047,6014
660,1064,0,558,1338.9,38650,12821,4054,6021
661,1083,0,558,1329.62,38707,12839,4062,6031
662,1101,0,572,1327.33,38756,12856,4066,6033
663,1109,0,573,1307.05,38819,12871,4069,6037
664,1112,0,580,1300.95,38884,12887,4073,6040
665,1098,0,586,1290.67,38963,12904,4081,6048
666,1099,0,591,1271.05,39033,12921,4086,6050
667,1080,0,582,1279.1,39107,12942,4098,6053
668,1084,0,590,1254,39182,12952,4103,6054
669,1086,0,609,1255.19,39253,12961,4111,6054
670,1092,0,627,1236.71,39328,12981,4112,6054
671,1095,0,642,1226.43,39393,12998,4118,6059
672,1098,0,647,1229.67,39464,13022,4123,6060
673,1063,0,656,1203.05,39546,13046,4125,6063
674,1068,0,673,1186.14,39612,13067,4128,6067
675,1105,0,679,1190.38,39673,13088,4134,6068
676,1090,0,690,1179.86,39761,13110,4143,6073
677,1108,0,700,1158.29,39827,13129,4148,6078
678,1114,0,731,1128.76,39905,13145,4153,6079
679,1100,0,750,1123.52,39978,13155,4155,6084
680,1131,0,740,1102.43,40035,13181,4164,6085
681,1135,0,753,1088.86,40108,13202,4170,6088
682,1148,0,762,1103.38,40173,13224,4177,6091
683,1148,0,781,1075,40263,13246,4180,6095
684,1170,0,780,1066.67,40343,13272,4182,6097
685,1156,0,775,1060.76,40434,13301,4187,6098
686,1163,0,777,1043.05,40517,13325,4191,6101
687,1174,0,773,1032.67,40591,13341,4195,6104
688,1170,0,769,1033.81,40675,13365,4205,6109
689,1165,0,793,1025.67,40763,13382,4211,6110
690,1156,0,804,1035.86,40841,13398,4212,6114
691,1148,0,818,1019.48,40924,13414,4215,6116
692,1151,0,838,1016.33,40991,13432,4222,6123
693,1148,0,838,1022.57,41064,13462,4226,6123
694,1117,0,859,1001.24,41160,13484,4235,6125
695,1108,0,874,1001.67,41244,13500,4238,6129
696,1123,0,894,1001.81,41323,13515,4242,6133
697,1091,0,889,991.33,41410,13551,4246,6137
698,1079,0,909,975.52,41488,13575,4252,6140
699,1087,0,912,967.14,41565,13601,4254,6145
700,1093,0,909,962.29,41637,13627,4260,6152
701,1084,0,934,973.48,41730,13652,4262,6154
702,1074,0,953,976.81,41806,13669,4268,6161
703,1054,0,962,977.24,41884,13690,4274,6164
704,1038,0,968,976.76,41971,13709,4285,6172
705,1031,0,963,987.1,42050,13742,4288,6172
706,1010,0,970,975.05,42138,13767,4293,6177
707,998,0,981,980.57,42224,13790,4302,6186
708,978,0,982,989.95,42304,13818,4311,6188
709,990,0,992,1002.19,42369,13837,4320,6192
710,974,0,975,1009.95,42440,13865,4332,6194
711,964,0,979,1038.29,42512,13892,4340,6197
712,931,0,987,1048.14,42593,13916,4344,6199
713,900,0,994,1044,42674,13938,4349,6207
714,883,0,1019,1072.33,42756,13956,4360,6210
715,888,0,1020,1090.24,42821,13983,4363,6211
716,863,0,1017,1106.57,42903,14009,4368,6216
717,822,0,1028,1122.86,42979,14032,4372,6223
718,804,0,1037,1147.62,43048,14052,4379,6231
719,789,0,1033,1172.62,43125,14074,4388,6238
720,764,0,1035,1188.76,43195,14094,4397,6242
721,743,0,1043,1217.76,43271,14113,4405,6244
722,718,0,1029,1231.81,43346,14134,4413,6251
723,701,0,1026,1245.9,43409,14153,4424,6254
724,677,0,1023,1289.38,43477,14175,4436,6259
725,667,0,1018,1306.38,43537,14199,4447,6261
726,654,0,1025,1335.76,43601,14216,4455,6268
727,640,0,1011,1358.86,43663,14239,4468,6274
728,652,0,1002,1379.05,43717,14261,4480,6278
729,643,0,1017,1401.29,43786,14284,4485,6281
730,632,0,1011,1423.57,43846,14307,4498,6288
731,590,0,996,1447.57,43919,14329,4507,6298
732,562,0,964,1476.81,43977,14360,4519,6311
733,551,0,958,1481.9,44034,14384,4529,6315
734,550,0,969,1499.48,44092,14402,4540,6321
735,540,0,981,1515.62,44154,14414,4549,6324
736,520,0,979,1523.62,44218,14437,4555,6329
737,508,0,968,1540.33,44268,14459,4567,6337
738,494,0,949,1548.14,44332,14482,4576,6344
739,496,0,937,1567.57,44374,14499,4584,6356
740,506,0,940,1595.81,44406,14521,4592,6358
741,519,0,922,1607.1,44442,14544,4600,6368
742,512,0,901,1621.57,44488,14570,4609,6373
743,515,0,870,1632.33,44534,14593,4625,6383
744,511,0,845,1640.52,44579,14620,4636,6392
745,526,0,837,1655.05,44610,14636,4650,6398
746,542,0,821,1652.33,44654,14651,4662,6404
747,562,0,811,1667.62,44699,14665,4674,6411
748,561,0,789,1664.86,44748,14698,4680,6418
749,570,0,768,1665.14,44783,14718,4689,6429
750,592,0,749,1662.76,44820,14735,4705,6436
751,596,0,710,1641.67,44860,14761,4712,6451
752,615,0,719,1651.24,44896,14772,4721,6453
753,643,0,707,1639.52,44936,14785,4726,6459
754,662,0,700,1628.05,44973,14802,4733,6461
755,684,0,682,1642.81,45018,14812,4747,6466
756,702,0,669,1624.24,45055,14830,4757,6472
757,723,0,662,1617.24,45087,14841,4766,6476
758,745,0,646,1595.57,45126,14864,4775,6477
759,797,0,639,1586.43,45167,14873,4778,6488
760,813,0,635,1561.9,45215,14888,4787,6491
761,822,0,625,1543.05,45262,14903,4795,6495
762,835,0,616,1522.62,45308,14922,4804,6496
763,892,0,607,1511.86,45339,14938,4813,6504
764,898,0,596,1500.14,45388,14952,4819,6513
765,931,0,586,1478.1,45433,14965,4826,6522
766,964,0,576,1441.76,45469,14983,4834,6526
767,1004,0,583,1422.1,45527,14992,4845,6530
768,1023,0,575,1405,45579,15006,4852,6533
769,1040,0,569,1379.48,45636,15022,4857,6537
770,1040,0,556,1349,45691,15041,4863,6545
771,1077,0,551,1332.67,45744,15051,4869,6553
772,1096,0,553,1291.24,45804,15063,4873,6554
773,1098,0,553,1272.1,45865,15077,4881,6559
774,1148,0,555,1247.67,45914,15095,4887,6565
775,1158,0,547,1223.52,45968,15108,4896,6572
776,1180,0,545,1200.38,46027,15130,4904,6581
777,1207,0,541,1152.76,46087,15149,4909,6589
778,1218,0,548,1138.19,46155,15167,4914,6594
779,1237,0,549,1099.95,46216,15186,4922,6598
780,1280,0,563,1076.76,46276,15197,4928,6601
781,1305,0,565,1060.24,46343,15215,4934,6603
782,1336,0,572,1031.1,46415,15225,4946,6606
783,1348,0,570,1003.95,46486,15247,4958,6608
784,1366,0,591,977.14,46550,15262,4968,6611
785,1384,0,601,955.48,46622,15274,4979,6616
786,1396,0,607,941.95,46695,15294,4986,6622
787,1409,0,603,930.86,46776,15310,4991,6628
788,1421,0,609,908.9,46850,15328,4995,6635
789,1444,0,618,912.71,46915,15343,5003,6635
790,1446,0,623,904.9,46994,15367,5008,6638
791,1465,0,621,892.14,47069,15389,5012,6644
792,1453,0,634,883.95,47162,15408,5020,6648
793,1475,0,645,871.1,47225,15429,5025,6650
794,1489,0,648,858.9,47295,15454,5032,6654
795,1516,0,673,850.1,47371,15480,5033,6657
796,1519,0,685,846.33,47455,15512,5036,6658
797,1520,0,695,810.48,47524,15531,5040,6664
798,1508,0,709,811.86,47611,15550,5045,6666
799,1520,0,733,796.9,47686,15566,5050,6669
800,1556,0,744,787.86,47746,15585,5050,6672
801,1557,0,747,788.57,47835,15601,5059,6676
802,1579,0,759,778.14,47917,15621,5061,6685
803,1567,0,764,762.43,48007,15642,5065,6687
804,1602,0,794,751.14,48083,15662,5067,6693
805,1605,0,824,748.67,48166,15682,5072,6699
806,1589,0,850,745.86,48259,15706,5073,6700
807,1586,0,869,737.38,48358,15733,5074,6704
808,1561,0,881,729.43,48444,15757,5077,6708
809,1569,0,892,720.9,48529,15787,5081,6712
810,1580,0,908,712.43,48620,15811,5086,6716
811,1549,0,927,720,48733,15828,5092,6719
812,1516,0,928,717.38,48847,15858,5101,6724
813,1478,0,949,718,48965,15881,5104,6728
814,1448,0,959,721.76,49070,15903,5109,6731
815,1413,0,966,736.9,49173,15929,5119,6739
816,1377,0,988,743.19,49287,15951,5126,6742
817,1353,0,1012,766.38,49382,15976,5128,6746
818,1301,0,1035,781.86,49507,15997,5130,6758
819,1265,0,1055,799.76,49608,16026,5135,6764
820,1227,0,1070,800.14,49712,16046,5140,6775
821,1199,0,1088,822.71,49805,16074,5143,6779
822,1143,0,1099,847,49918,16106,5151,6785
823,1120,0,1121,860.33,50020,16133,5159,6788
824,1080,0,1149,876.38,50126,16160,5166,6794
825,1041,0,1169,911.43,50229,16193,5173,6799
826,981,0,1168,942.24,50339,16219,5183,6806
827,935,0,1171,950.1,50438,16253,5192,6816
828,907,0,1163,989,50532,16282,5200,6822
829,854,0,1168,1022.05,50627,16310,5215,6831
830,855,0,1159,1040.9,50696,16347,5224,6839
831,813,0,1159,1072.95,50790,16376,5237,6847
832,789,0,1170,1098.38,50862,16401,5245,6852
833,735,0,1179,1120.43,50946,16419,5260,6856
834,704,0,1183,1159.29,51026,16453,5272,6862
835,685,0,1197,1178.1,51109,16480,5281,6867
836,667,0,1193,1202.43,51182,16509,5285,6874
837,652,0,1201,1252.24,51244,16534,5293,6879
838,642,0,1206,1279.14,51317,16561,5298,6883
839,635,0,1215,1290.86,51384,16583,5304,6885
840,622,0,1227,1314.86,51457,16605,5306,6891
841,622,0,1226,1339.29,51509,16628,5316,6895
842,613,0,1220,1354.33,51573,16657,5322,6901
843,595,0,1204,1367.05,51632,16698,5328,6905
844,577,0,1183,1391.48,51693,16728,5346,6911
845,561,0,1171,1398.52,51758,16758,5357,6915
846,547,0,1158,1417.81,51812,16785,5364,6926
847,535,0,1147,1451.14,51869,16813,5374,6928
848,508,0,1128,1475.48,51918,16839,5393,6936
849,506,0,1122,1507.24,51965,16865,5395,6943
850,494,0,1103,1516.29,52016,16892,5400,6951
851,500,0,1102,1541.1,52065,16908,5409,6958
852,493,0,1094,1566.67,52111,16938,5413,6963
853,511,0,1077,1591.62,52148,16955,5424,6974
854,533,0,1049,1607.81,52187,16977,5439,6986
855,533,0,1032,1623.67,52227,17000,5447,6990
856,537,0,1007,1633.9,52271,17025,5460,6995
857,551,0,984,1647.29,52315,17042,5468,7014
858,559,0,965,1664.76,52357,17061,5478,7019
859,548,0,947,1674.14,52415,17090,5487,7027
860,571,0,932,1676.67,52454,17111,5500,7035
861,567,0,913,1693.81,52499,17136,5509,7046
862,583,0,887,1712.05,52531,17156,5521,7057
863,595,0,858,1723.95,52567,17185,5527,7066
864,602,0,830,1727.33,52609,17208,5539,7077
865,597,0,810,1734.05,52648,17218,5548,7095
866,599,0,787,1733.14,52690,17237,5559,7104
867,604,0,764,1740.76,52728,17257,5571,7109
868,596,0,761,1739.43,52772,17273,5582,7114
869,609,0,738,1747.57,52811,17286,5595,7123
870,619,0,709,1757.19,52850,17310,5603,7135
871,616,0,686,1757.95,52898,17324,5616,7145
872,639,0,656,1768.81,52938,17348,5632,7155
873,654,0,631,1775.67,52975,17364,5644,7165
874,657,0,615,1782.05,53011,17380,5662,7170
875,672,0,602,1779.86,53055,17399,5669,7177
876,673,0,595,1770.57,53104,17417,5678,7185
877,693,0,584,1760.24,53139,17432,5683,7191
878,701,0,577,1751.48,53178,17447,5688,7204
879,719,0,558,1739.95,53227,17468,5692,7216
880,735,0,555,1720.24,53266,17484,5701,7223
881,742,0,533,1702.9,53312,17508,5711,7234
882,759,0,524,1682.1,53366,17523,5720,7240
883,767,0,516,1662.24,53420,17537,5734,7242
884,801,0,511,1639.86,53469,17551,5747,7246
885,792,0,510,1617.38,53526,17568,5755,7247
886,781,0,505,1590.57,53582,17586,5765,7252
887,789,0,492,1577,53632,17597,5775,7259
888,812,0,486,1563.62,53677,17608,5784,7263
889,847,0,484,1538.67,53732,17623,5793,7267
890,859,0,491,1520.67,53780,17638,5800,7270
891,899,0,498,1513.57,53815,17653,5805,7275
892,907,0,502,1480.29,53862,17669,5808,7276
893,931,0,505,1439.95,53907,17680,5811,7277
894,948,0,509,1408.38,53960,17692,5816,7280
895,1005,0,503,1365.95,54003,17711,5825,7280
896,1040,0,508,1346.57,54053,17726,5833,7280
897,1068,0,510,1311.48,54100,17742,5839,7283
898,1091,0,515,1284.43,54155,17760,5844,7287
899,1128,0,527,1256.67,54205,17773,5845,7290
900,1153,0,536,1230.48,54266,17783,5850,7290
901,1178,0,524,1212.29,54320,17806,5857,7291
902,1239,0,524,1172.52,54363,17820,5864,7294
903,1295,0,527,1138.38,54416,17834,5869,7296
904,1331,0,531,1115.67,54468,17849,5872,7300
905,1384,0,544,1089.29,54524,17863,5874,7303
906,1424,0,545,1048.9,54578,17882,5878,7303
907,1454,0,548,1016.19,54628,17903,5880,7305
908,1481,0,551,975.67,54691,17920,5883,7313
909,1528,0,567,969.76,54755,17931,5887,7314
910,1550,0,570,960.05,54812,17949,5895,7317
911,1563,0,584,930.62,54878,17963,5900,7319
912,1611,0,587,924.48,54949,17983,5904,7322
913,1654,0,586,894.86,55005,18004,5910,7332
914,1671,0,588,882.52,55064,18030,5912,7337
915,1714,0,600,884.86,55130,18048,5916,7343
916,1748,0,615,872.14,55191,18057,5917,7351
917,1753,0,614,848.19,55272,18083,5922,7352
918,1757,0,624,855.48,55342,18105,5926,7358
919,1763,0,630,835.48,55408,18129,5928,7366
920,1780,0,628,828.1,55474,18148,5931,7379
921,1764,0,636,829.33,55561,18168,5934,7386
922,1778,0,643,831.71,55629,18192,5934,7392
923,1793,0,655,840.14,55698,18204,5936,7400
924,1780,0,670,824.62,55786,18220,5939,7407
925,1766,0,681,829.9,55869,18243,5944,7418
926,1743,0,684,815.52,55960,18269,5950,7429
927,1729,0,690,820.71,56058,18293,5958,7440
928,1711,0,711,816.1,56154,18312,5959,7449
929,1666,0,718,828.57,56269,18335,5964,7467
930,1623,0,750,825.62,56380,18358,5967,7479
931,1568,0,778,835.57,56501,18391,5969,7486
932,1544,0,798,842.43,56593,18409,5975,7501
933,1506,0,829,842.48,56700,18428,5978,7508
934,1467,0,848,846.62,56802,18451,5983,7512
935,1450,0,874,853.86,56907,18466,5985,7521
936,1408,0,897,868.14,57012,18485,5989,7527
937,1369,0,930,876.43,57127,18507,5992,7534
938,1338,0,962,866.67,57238,18521,5998,7542
939,1288,0,981,892.43,57353,18540,6004,7547
940,1260,0,1001,889.76,57446,18566,6012,7553
941,1222,0,1021,900.57,57550,18593,6016,7558
942,1193,0,1037,914.05,57651,18618,6020,7562
943,1149,0,1063,913.48,57749,18646,6025,7564
944,1103,0,1090,917.19,57844,18671,6032,7572
945,1072,0,1119,949.62,57940,18696,6036,7583
946,1048,0,1136,973.38,58030,18722,6046,7586
947,1053,0,1153,987.71,58115,18739,6056,7592
948,996,0,1181,996.71,58205,18767,6067,7600
949,949,0,1190,1027.05,58296,18799,6071,7605
950,906,0,1211,1044.19,58377,18834,6073,7610
951,880,0,1221,1076.57,58459,18859,6078,7612
952,868,0,1224,1101.76,58542,18888,6082,7616
953,845,0,1222,1129.19,58609,18914,6090,7618
954,831,0,1228,1150.43,58679,18942,6100,7619
955,815,0,1219,1172.48,58749,18974,6109,7625
956,806,0,1221,1194.95,58811,19004,6113,7627
957,789,0,1214,1212.1,58870,19030,6118,7631
958,770,0,1204,1239.62,58942,19061,6123,7637
959,739,0,1198,1263.76,59019,19084,6135,7648
960,725,0,1191,1288.38,59088,19112,6149,7655
961,700,0,1190,1315.52,59165,19131,6156,7657
962,673,0,1212,1335.9,59227,19147,6162,7662
963,658,0,1205,1355.86,59292,19168,6167,7670
964,632,0,1188,1383.48,59358,19208,6172,7679
965,633,0,1184,1412.52,59409,19229,6182,7685
966,655,0,1165,1434.52,59446,19259,6188,7694
967,663,0,1152,1453.52,59494,19277,6194,7705
968,648,0,1134,1478.57,59555,19309,6200,7711
969,615,0,1128,1483.67,59610,19334,6205,7718
970,619,0,1115,1507.1,59649,19362,6214,7729
971,604,0,1095,1517.95,59700,19395,6220,7740
972,616,0,1085,1544.52,59744,19408,6231,7754
973,601,0,1061,1564.52,59800,19433,6247,7765
974,584,0,1032,1571.86,59856,19462,6254,7777
975,591,0,992,1589.19,59907,19494,6263,7794
976,588,0,962,1611.57,59950,19524,6271,7804
977,596,0,949,1636.57,59987,19549,6277,7813
978,585,0,913,1644.86,60033,19577,6290,7828
979,585,0,902,1663.71,60073,19597,6300,7839
980,582,0,874,1680.1,60125,19619,6319,7854
981,591,0,845,1697.57,60165,19644,6329,7866
982,599,0,837,1711.52,60200,19661,6338,7878
983,611,0,818,1712.24,60235,19678,6352,7889
984,629,0,793,1723.62,60276,19701,6365,7900
985,628,0,767,1724.52,60320,19728,6378,7904
986,651,0,740,1729.71,60355,19743,6392,7917
987,662,0,709,1728.71,60395,19760,6407,7925
988,669,0,693,1726.62,60436,19783,6418,7930
989,640,0,684,1717.05,60502,19801,6431,7940
990,660,0,664,1721.86,60541,19825,6441,7949
991,663,0,654,1711.9,60592,19844,6452,7954
992,654,0,647,1710.48,60645,19859,6458,7969
993,672,0,628,1706.38,60685,19880,6471,7974
994,691,0,607,1689.48,60725,19893,6485,7983
995,706,0,598,1682.38,60768,19909,6494,7990
996,740,0,582,1667.9,60808,19923,6504,7997
997,755,0,559,1668.1,60844,19943,6514,8004
998,768,0,548,1651.86,60884,19957,6521,8010
999,782,0,541,1638.48,60922,19967,6530,8017
